Actual_RUL,Predicted_RUL
256,171.72536
255,172.24417
254,171.79567
253,163.93175
252,161.41039
251,158.42262
250,160.83447
249,157.97328
248,156.88516
247,152.99718
246,157.38467
245,156.38707
244,158.78932
243,156.13364
242,153.12363
241,151.20334
240,148.17653
239,151.55663
238,147.62686
237,149.07503
236,146.02777
235,143.73343
234,140.09538
233,142.78784
232,143.01212
231,136.05394
230,138.05501
229,139.73999
228,135.62338
227,136.89435
226,131.3772
225,137.1342
224,136.15332
223,134.64244
222,135.23862
221,128.21574
220,127.21525
219,131.62964
218,133.68828
217,133.69264
216,134.22688
215,149.40417
214,143.65959
213,143.95934
212,152.97083
211,162.06564
210,162.57307
209,157.89342
208,159.74997
207,159.49484
206,152.73932
205,151.27023
204,147.38441
203,141.16681
202,143.20201
201,130.6475
200,133.43729
199,136.75067
198,133.68375
197,138.0032
196,137.44386
195,130.41824
194,133.97485
193,138.46983
192,140.59016
191,141.28818
190,125.24854
189,127.770905
188,128.46431
187,125.29768
186,122.76393
185,124.55155
184,124.567154
183,123.7052
182,124.136375
181,117.43635
180,112.38811
179,116.35394
178,114.93977
177,114.37825
176,120.18017
175,121.63679
174,120.11471
173,122.91796
172,127.1396
171,125.72421
170,124.32014
169,120.92669
168,122.28263
167,123.91141
166,120.83213
165,117.3021
164,115.272896
163,114.87681
162,115.59633
161,118.83142
160,131.41853
159,131.16832
158,124.97871
157,124.11208
156,125.13832
155,123.224655
154,116.10451
153,118.824684
152,116.77239
151,116.45417
150,117.51475
149,115.7869
148,114.67681
147,114.41033
146,121.13223
145,117.73914
144,119.48632
143,120.85778
142,123.02471
141,118.619225
140,115.14683
139,111.94604
138,108.12975
137,112.100624
136,117.49833
135,116.22283
134,116.39458
133,106.71822
132,112.966606
131,103.594
130,102.42162
129,101.230095
128,102.57298
127,102.01842
126,103.17685
125,105.62549
124,110.221466
123,107.37557
122,111.01204
121,115.66864
120,135.84952
119,139.22923
118,132.97339
117,129.302
116,132.29338
115,134.51097
114,134.75807
113,136.14268
112,134.21199
111,147.81837
110,136.57848
109,134.14162
108,133.93015
107,135.23076
106,132.649
105,143.06935
104,140.86392
103,142.11166
102,136.7337
101,134.16982
100,130.6094
99,129.7557
98,136.51196
97,126.99722
96,129.92996
95,131.52039
94,129.90916
93,127.81725
92,113.09232
91,126.59672
90,86.58015
89,88.44806
88,93.06951
87,81.7811
86,86.7737
85,90.57494
84,91.62577
83,86.51707
82,85.128075
81,81.08568
80,84.105736
79,86.907974
78,88.401794
77,85.14598
76,86.66965
75,79.6541
74,82.765915
73,84.57572
72,82.86602
71,73.708496
70,75.51602
69,74.81605
68,78.03946
67,76.85808
66,71.632835
65,72.80368
64,65.27442
63,69.75694
62,61.37198
61,65.451744
60,78.7995
59,71.289055
58,92.75957
57,91.99912
56,77.52991
55,76.4345
54,77.30967
53,77.16021
52,81.94523
51,67.37403
50,85.437836
49,62.30832
48,67.35117
47,64.99038
46,70.44364
45,61.513927
44,56.90027
43,53.96806
42,51.862812
41,54.63899
40,56.376225
39,60.439384
38,46.456364
37,44.534878
36,42.925564
35,43.448093
34,43.668156
33,43.52532
32,34.907116
31,35.36462
30,34.17801
29,24.09352
28,23.507055
27,21.309742
26,18.791796
25,18.753002
24,21.883389
23,21.609026
22,12.935589
21,14.212871
20,12.100159
19,11.808331
18,11.983252
17,12.358799
16,11.636886
15,8.363207
14,9.077593
13,8.806998
12,6.193071
11,5.738442
10,4.930248
9,4.0879493
8,4.518944
7,4.208735
6,4.5544667
5,3.764882
4,3.927214
3,3.463194
2,3.4307995
1,3.4589334
0,3.2968533
148,157.77388
147,156.42668
146,157.881
145,165.24133
144,159.80302
143,159.90608
142,158.52733
141,165.14708
140,160.29068
139,160.84085
138,157.27438
137,157.87602
136,156.42209
135,156.25833
134,155.93507
133,151.9019
132,151.06087
131,152.29027
130,153.00082
129,152.01135
128,152.9307
127,154.16496
126,155.64984
125,155.57634
124,152.93753
123,151.45743
122,151.65936
121,151.76411
120,150.8165
119,165.8787
118,171.1391
117,172.93718
116,173.27776
115,174.83476
114,166.14366
113,165.86826
112,167.7372
111,142.89113
110,141.59174
109,138.50833
108,138.42625
107,137.83946
106,137.0167
105,130.12282
104,131.81618
103,131.58092
102,133.99147
101,128.02832
100,126.15716
99,123.213585
98,119.16346
97,122.2886
96,120.972786
95,116.340904
94,117.509186
93,115.89454
92,113.67479
91,111.762985
90,113.078
89,111.673195
88,114.103294
87,116.16199
86,119.06224
85,110.99401
84,111.30079
83,116.619835
82,115.07559
81,112.16516
80,107.54411
79,107.15796
78,109.44371
77,107.17079
76,112.900696
75,108.67994
74,108.27709
73,105.50286
72,102.01169
71,101.28025
70,101.448875
69,100.431885
68,82.21799
67,86.392365
66,86.76422
65,86.86395
64,88.217804
63,88.541466
62,89.96133
61,74.493576
60,72.95783
59,72.97163
58,74.57429
57,79.741615
56,68.0834
55,68.9372
54,68.19866
53,67.52685
52,70.33259
51,68.37255
50,65.00365
49,60.606342
48,60.49126
47,61.259155
46,54.2261
45,53.318565
44,51.222652
43,51.479836
42,49.283092
41,49.105427
40,50.51724
39,44.888153
38,45.35648
37,44.52079
36,42.45008
35,43.50082
34,42.5135
33,41.70686
32,42.588367
31,35.095924
30,34.0061
29,29.32581
28,30.657219
27,23.873043
26,24.348516
25,27.334997
24,27.840961
23,26.230137
22,23.88701
21,22.744476
20,23.771397
19,27.218178
18,25.109892
17,24.48777
16,20.147802
15,20.942392
14,17.936607
13,19.737904
12,19.97136
11,16.369366
10,15.567081
9,10.379145
8,6.591379
7,5.2706366
6,4.9414926
5,4.79712
4,3.7480001
3,3.7469547
2,1.0913494
1,0.13587974
0,-0.8907926
176,187.41292
175,185.15761
174,184.12997
173,184.14148
172,182.56856
171,177.0459
170,176.4423
169,174.41095
168,175.33315
167,175.01329
166,177.31763
165,174.4545
164,168.81747
163,164.90248
162,165.63763
161,157.25911
160,159.98071
159,154.29306
158,164.69037
157,163.67528
156,162.71361
155,161.43661
154,157.67514
153,151.71123
152,157.8629
151,154.61626
150,155.5792
149,158.00563
148,158.18098
147,166.58774
146,173.96078
145,161.01581
144,160.80609
143,163.61029
142,161.6776
141,159.2271
140,166.86923
139,165.70146
138,178.47025
137,178.49962
136,171.79285
135,169.20073
134,170.76498
133,153.95143
132,155.69962
131,151.60735
130,161.699
129,168.85445
128,171.06444
127,146.4324
126,150.27263
125,149.57516
124,155.83723
123,150.9663
122,150.49928
121,148.74272
120,141.79898
119,141.72026
118,139.19981
117,147.73639
116,145.68015
115,141.81747
114,138.46892
113,137.61804
112,135.45532
111,139.60744
110,138.09473
109,139.338
108,144.93195
107,147.528
106,142.8119
105,144.06781
104,139.05853
103,144.34863
102,143.15402
101,142.91318
100,146.90518
99,139.70885
98,136.48889
97,144.60196
96,146.52379
95,145.48605
94,142.60153
93,143.27116
92,127.1937
91,127.42112
90,127.58487
89,126.578896
88,122.90343
87,122.27746
86,121.61939
85,122.43443
84,124.932785
83,121.38963
82,120.801384
81,122.433846
80,114.802666
79,110.103516
78,111.891106
77,100.32742
76,105.306816
75,102.563896
74,105.77654
73,98.8649
72,98.48385
71,109.87345
70,106.76611
69,106.32917
68,106.29031
67,94.96057
66,100.816086
65,100.81743
64,115.79212
63,115.47896
62,100.28266
61,96.21339
60,97.19233
59,88.74972
58,93.27737
57,95.82283
56,89.05264
55,94.97384
54,116.769516
53,124.09352
52,118.50238
51,114.88716
50,119.70826
49,121.62761
48,127.44583
47,106.143364
46,107.95633
45,107.61019
44,107.74805
43,95.5503
42,81.53243
41,86.7174
40,88.970024
39,89.024025
38,90.53928
37,85.96215
36,65.888725
35,63.585075
34,69.19073
33,63.676754
32,64.23745
31,52.667423
30,53.979435
29,52.080433
28,46.415268
27,47.50558
26,44.699135
25,44.64768
24,33.062065
23,25.608286
22,29.396076
21,24.491993
20,21.75207
19,25.805073
18,24.51704
17,23.371407
16,17.335917
15,16.723328
14,17.816845
13,16.246527
12,15.878366
11,15.336483
10,12.656767
9,12.15767
8,11.278377
7,9.59132
6,10.651092
5,10.516862
4,8.051771
3,7.48819
2,5.5375915
1,3.460358
0,3.1869185
164,142.86679
163,136.79224
162,134.38867
161,139.9708
160,135.17917
159,137.46416
158,137.98817
157,139.14798
156,135.59839
155,133.93245
154,128.65866
153,127.82984
152,127.17064
151,133.66447
150,130.34198
149,131.8966
148,139.83813
147,129.6773
146,132.2821
145,129.66151
144,133.69624
143,123.41657
142,112.48078
141,110.94827
140,111.52054
139,117.2925
138,106.29185
137,107.186615
136,107.623276
135,106.968735
134,106.4298
133,108.86073
132,112.13204
131,111.861595
130,108.873955
129,100.23353
128,98.59744
127,101.494675
126,104.91046
125,103.957985
124,104.0154
123,105.02344
122,103.584435
121,109.445404
120,101.5349
119,104.392204
118,102.48946
117,101.62773
116,96.207596
115,86.41384
114,88.97726
113,91.06143
112,93.56993
111,95.89965
110,92.51083
109,99.30592
108,103.66671
107,96.72743
106,103.155785
105,101.513
104,100.187096
103,106.691734
102,104.54966
101,105.33325
100,99.68493
99,94.22347
98,92.25463
97,96.941124
96,100.623505
95,97.40472
94,95.80668
93,92.32428
92,93.74981
91,91.36511
90,90.48029
89,89.97802
88,90.335236
87,93.28031
86,90.94174
85,84.9586
84,83.74258
83,79.27698
82,80.49765
81,79.4276
80,78.378876
79,74.02043
78,75.54905
77,79.73569
76,79.812096
75,72.84942
74,73.65805
73,68.63243
72,84.19506
71,83.35068
70,83.94023
69,82.12192
68,82.04086
67,78.511665
66,75.815895
65,61.69968
64,63.919575
63,61.07513
62,63.710464
61,62.42271
60,65.28933
59,68.082664
58,64.40049
57,63.071037
56,65.45865
55,60.858955
54,64.339195
53,64.58848
52,64.30226
51,57.4487
50,57.567734
49,51.14652
48,49.452003
47,39.561363
46,42.611736
45,40.969105
44,45.228245
43,43.642834
42,44.445023
41,44.2166
40,46.936413
39,43.60539
38,37.86146
37,38.615376
36,37.76577
35,32.90145
34,35.20855
33,37.24638
32,39.364918
31,38.53582
30,37.838593
29,38.512207
28,37.29246
27,36.84176
26,34.597748
25,34.534992
24,34.4592
23,32.52891
22,33.221317
21,34.263645
20,32.25304
19,29.884886
18,26.830778
17,27.253681
16,26.019703
15,26.947206
14,22.910568
13,21.113953
12,17.874186
11,17.567108
10,16.189905
9,15.726812
8,14.354274
7,6.831198
6,6.7334137
5,5.9197245
4,5.1781693
3,4.7187834
2,3.969102
1,2.9394236
0,1.0104649
171,146.38977
170,152.64578
169,141.76967
168,159.23422
167,164.64207
166,148.98903
165,153.9419
164,146.19096
163,156.67786
162,165.90436
161,162.38913
160,148.0976
159,142.97981
158,152.51192
157,155.04118
156,158.9149
155,149.92197
154,152.8973
153,154.41539
152,149.08539
151,150.72182
150,147.44658
149,148.00417
148,142.94113
147,134.16399
146,132.44737
145,133.36523
144,134.88612
143,129.61711
142,125.87274
141,121.50556
140,118.4913
139,124.22508
138,113.20357
137,106.2488
136,108.41957
135,104.72377
134,105.59978
133,101.669556
132,100.05329
131,99.56803
130,101.10313
129,98.25851
128,100.75206
127,103.235016
126,103.49715
125,96.11414
124,97.58269
123,92.09399
122,94.30876
121,91.86057
120,89.633865
119,89.9381
118,92.88749
117,88.29183
116,93.21635
115,89.6052
114,88.863235
113,90.142685
112,89.41567
111,84.67469
110,85.6044
109,89.34071
108,89.16382
107,87.28522
106,87.652435
105,80.05272
104,81.29003
103,84.56369
102,90.861916
101,83.854614
100,84.116875
99,85.29082
98,86.396515
97,86.88668
96,84.64324
95,77.21468
94,81.27252
93,87.66276
92,82.7701
91,77.24141
90,82.93895
89,77.252846
88,72.686035
87,73.61273
86,67.23513
85,70.97619
84,67.479866
83,56.566723
82,59.2605
81,60.2525
80,58.198013
79,58.249313
78,60.14323
77,61.680054
76,56.729614
75,55.410324
74,52.159443
73,51.047615
72,54.960762
71,49.38503
70,56.457966
69,54.932487
68,49.87706
67,45.153385
66,38.95063
65,40.92521
64,39.06805
63,35.610332
62,36.206245
61,33.746788
60,32.73306
59,31.623041
58,30.94909
57,31.103886
56,31.321795
55,33.24915
54,29.387209
53,32.01458
52,32.47471
51,34.24203
50,32.776752
49,30.849524
48,31.451443
47,31.984573
46,32.407627
45,31.172646
44,32.2253
43,25.521978
42,25.374495
41,24.268864
40,21.863298
39,22.89116
38,23.352596
37,25.385523
36,25.241116
35,25.887453
34,26.738964
33,27.93601
32,26.502949
31,25.651632
30,23.856993
29,24.399792
28,23.02064
27,21.992222
26,21.553368
25,22.331573
24,25.26846
23,15.796578
22,15.400674
21,16.933771
20,17.662193
19,16.382658
18,14.254209
17,16.072588
16,18.438791
15,16.254736
14,16.966036
13,14.279119
12,10.97411
11,10.87199
10,7.2839465
9,7.2039385
8,6.228559
7,4.68285
6,3.056064
5,2.3305104
4,2.3219118
3,1.8414685
2,3.2047343
1,4.0044923
0,2.3055909
116,147.53784
115,147.06505
114,147.81337
113,142.52153
112,148.06798
111,143.63632
110,141.06189
109,145.95631
108,147.56569
107,145.21823
106,142.4338
105,138.69203
104,143.64505
103,140.70067
102,137.5152
101,137.51567
100,135.92973
99,135.59894
98,137.58295
97,141.26042
96,139.11546
95,136.445
94,143.24861
93,146.8215
92,139.04218
91,134.45126
90,134.10262
89,126.65089
88,128.66048
87,122.12561
86,125.10052
85,129.79187
84,123.69975
83,127.838486
82,135.18648
81,142.46277
80,141.45555
79,144.69798
78,139.43695
77,135.187
76,134.1507
75,130.06316
74,128.44333
73,125.583916
72,111.2318
71,110.6856
70,106.255775
69,107.428604
68,105.83178
67,107.41148
66,107.66068
65,120.026634
64,115.36082
63,112.67468
62,110.15464
61,110.14189
60,109.69258
59,108.61893
58,107.44586
57,105.24109
56,102.87527
55,103.52606
54,85.5382
53,83.51224
52,82.93079
51,80.09557
50,82.20262
49,89.35011
48,85.46883
47,84.90789
46,78.15351
45,80.04175
44,94.965
43,85.521996
42,87.74495
41,84.72786
40,83.705345
39,72.74376
38,74.50852
37,73.826035
36,70.94336
35,62.186596
34,62.9609
33,56.403786
32,61.56286
31,64.351295
30,60.37059
29,56.532894
28,49.015602
27,62.62185
26,55.588444
25,50.640835
24,45.899166
23,46.692455
22,47.02086
21,38.060276
20,31.129238
19,23.900585
18,18.200464
17,18.721899
16,19.867218
15,22.350687
14,33.234592
13,29.278803
12,19.507166
11,16.624596
10,11.88326
9,11.972899
8,12.272447
7,11.894527
6,6.916475
5,3.580904
4,1.8466305
3,1.1554041
2,0.017729547
1,-0.35269284
0,-0.46729547
163,181.18558
162,182.19487
161,192.72554
160,189.90892
159,176.13568
158,176.41211
157,167.76558
156,168.02638
155,165.2885
154,159.654
153,159.33789
152,165.35289
151,163.93286
150,158.69717
149,151.8576
148,155.131
147,156.46152
146,162.71962
145,161.05632
144,153.39067
143,156.38959
142,152.49898
141,153.83804
140,154.83217
139,153.71658
138,150.34506
137,148.85478
136,151.87338
135,147.51006
134,147.45091
133,143.72957
132,142.61902
131,141.76532
130,140.84877
129,140.28372
128,136.6581
127,144.31227
126,147.2229
125,150.29353
124,147.57452
123,148.33484
122,144.27835
121,159.09929
120,157.05515
119,153.38252
118,142.80734
117,141.40948
116,143.67392
115,143.86067
114,142.11485
113,140.6952
112,139.64603
111,135.486
110,125.21867
109,127.57182
108,130.59445
107,127.40421
106,121.6639
105,121.98193
104,120.03101
103,121.13696
102,116.34371
101,119.27032
100,120.00002
99,121.84624
98,120.67308
97,119.329506
96,117.38771
95,116.053215
94,115.258736
93,120.178986
92,120.08478
91,123.103676
90,124.291504
89,115.32357
88,120.34765
87,123.857704
86,119.75123
85,121.15183
84,121.734375
83,116.88227
82,118.47472
81,116.8608
80,118.6533
79,118.41641
78,118.140396
77,118.83271
76,109.52978
75,115.03245
74,114.40901
73,115.879486
72,121.24745
71,116.20111
70,131.73291
69,130.43208
68,131.75224
67,124.68321
66,123.084175
65,117.91596
64,113.27527
63,116.93775
62,121.086784
61,124.24293
60,122.39207
59,123.07487
58,117.83224
57,111.54319
56,104.6208
55,110.97251
54,116.31185
53,121.96068
52,108.52062
51,118.470924
50,117.716225
49,111.005066
48,102.584305
47,90.28446
46,78.34569
45,68.85676
44,68.79738
43,59.342583
42,71.65334
41,65.828476
40,66.72896
39,76.18369
38,85.8421
37,87.18414
36,77.50783
35,74.11375
34,70.305466
33,77.09778
32,74.77512
31,78.91871
30,73.90414
29,76.38486
28,67.75487
27,60.95327
26,54.348232
25,50.532993
24,55.023777
23,41.392883
22,40.368782
21,40.690323
20,45.642723
19,32.98217
18,18.589142
17,13.636509
16,16.022535
15,13.148352
14,14.573127
13,8.442886
12,8.449788
11,6.7248187
10,6.0729666
9,5.670145
8,8.88799
7,8.350441
6,7.860944
5,7.1504426
4,6.335413
3,7.3361635
2,4.4901814
1,4.8048697
0,3.606014
163,150.09457
162,145.51042
161,155.9083
160,154.90472
159,154.39415
158,137.13264
157,145.7054
156,142.1105
155,149.08661
154,143.10194
153,141.58789
152,136.12439
151,127.16686
150,127.59617
149,124.8225
148,128.93106
147,126.67177
146,130.2667
145,138.63792
144,128.40483
143,129.84645
142,131.19612
141,135.1704
140,137.44415
139,136.37494
138,140.9785
137,137.8553
136,132.00403
135,132.272
134,129.79135
133,130.1329
132,135.52435
131,137.99062
130,138.11528
129,139.14337
128,124.21333
127,129.18475
126,127.011986
125,128.82254
124,121.87363
123,119.935295
122,114.28057
121,117.91522
120,119.87566
119,131.87933
118,125.15853
117,128.73245
116,121.21364
115,117.7255
114,114.15544
113,112.43844
112,109.61682
111,109.89993
110,109.02734
109,104.47627
108,110.71482
107,109.02631
106,106.95426
105,110.749626
104,119.92357
103,119.009346
102,113.93938
101,116.72723
100,108.243935
99,113.23302
98,114.06099
97,113.323364
96,99.609116
95,100.70382
94,94.23134
93,96.43031
92,96.09836
91,95.02381
90,92.53475
89,88.59068
88,81.00365
87,92.12822
86,90.41169
85,87.833466
84,89.92291
83,91.714806
82,84.55494
81,89.22982
80,93.086914
79,91.9986
78,86.39096
77,86.27067
76,83.300255
75,76.91322
74,73.26856
73,76.2133
72,73.498055
71,78.93597
70,77.36693
69,75.53038
68,69.42056
67,69.144905
66,71.63743
65,67.33108
64,65.86751
63,60.880993
62,68.0286
61,68.06216
60,64.910614
59,65.69036
58,66.82496
57,66.17693
56,65.964676
55,58.606056
54,60.03732
53,57.08754
52,55.163082
51,55.18605
50,54.519115
49,51.714947
48,43.915234
47,38.680824
46,34.87407
45,37.885895
44,36.434753
43,34.254414
42,34.34768
41,32.839233
40,31.989033
39,28.795214
38,26.76923
37,26.643087
36,29.066387
35,26.909883
34,27.911385
33,25.976358
32,31.262238
31,29.703506
30,29.191883
29,30.812347
28,30.912165
27,30.150455
26,27.840784
25,27.473492
24,25.650438
23,26.45332
22,24.432934
21,22.034554
20,24.891726
19,19.101192
18,18.810175
17,15.804073
16,15.834392
15,13.176727
14,11.472448
13,11.952187
12,12.358588
11,11.037875
10,11.9641
9,10.794768
8,8.163317
7,8.023794
6,6.9533696
5,7.248632
4,6.164647
3,4.406518
2,4.168787
1,3.849537
0,3.0246773
182,167.05328
181,166.69208
180,159.17424
179,157.62134
178,153.98363
177,144.30676
176,145.93204
175,137.4166
174,135.03928
173,132.18822
172,137.20865
171,133.88826
170,133.82597
169,131.24158
168,133.27136
167,138.08247
166,134.8176
165,130.98683
164,135.15637
163,131.21313
162,133.87943
161,130.86617
160,131.80322
159,137.56947
158,133.79027
157,137.16399
156,135.56714
155,141.0
154,141.36461
153,135.77408
152,135.04991
151,127.935074
150,126.723946
149,126.06053
148,129.66302
147,127.17802
146,121.33477
145,132.85265
144,131.57341
143,128.27415
142,133.54625
141,128.88643
140,115.308075
139,121.39689
138,115.52309
137,119.420494
136,130.90173
135,130.25972
134,130.55112
133,131.08638
132,126.2791
131,120.30332
130,118.64464
129,112.74761
128,108.2588
127,105.8718
126,104.40309
125,104.022446
124,99.62924
123,99.0583
122,101.3735
121,100.975426
120,100.88862
119,100.19939
118,94.69044
117,92.48499
116,83.63243
115,85.90764
114,88.532
113,89.52471
112,84.321945
111,82.843956
110,77.596405
109,75.62954
108,74.79092
107,77.06163
106,75.99301
105,73.46146
104,78.31622
103,77.6503
102,80.22896
101,75.88228
100,75.01342
99,74.985405
98,78.12633
97,91.27839
96,88.31982
95,89.17364
94,94.7143
93,95.70341
92,90.83364
91,87.703705
90,90.65246
89,84.96835
88,85.19012
87,86.068016
86,92.783676
85,93.67374
84,88.84099
83,85.308044
82,81.735794
81,86.273445
80,86.33089
79,93.54822
78,93.127426
77,84.18207
76,86.79497
75,91.111984
74,89.885864
73,95.932335
72,89.59724
71,94.32784
70,94.020744
69,89.09192
68,89.7923
67,83.74961
66,78.638725
65,80.94077
64,73.166504
63,74.006874
62,81.208855
61,77.40924
60,68.25045
59,69.02992
58,64.17577
57,61.99015
56,58.627163
55,50.094
54,46.366478
53,47.596024
52,48.97344
51,45.88471
50,34.26456
49,37.141598
48,31.15077
47,32.725925
46,30.662262
45,35.296005
44,28.57222
43,32.62672
42,34.403946
41,32.74622
40,34.857296
39,32.55724
38,34.482662
37,27.795729
36,27.769876
35,28.335548
34,28.399937
33,29.456505
32,19.615734
31,21.516272
30,20.753805
29,20.247272
28,20.28738
27,22.285723
26,22.799738
25,22.560036
24,22.585777
23,16.140356
22,15.481087
21,16.110905
20,13.420061
19,13.672307
18,11.688757
17,12.065305
16,11.849507
15,16.1801
14,16.112806
13,10.153252
12,9.933867
11,9.347287
10,8.76923
9,6.336777
8,6.4324155
7,5.8501787
6,4.757946
5,4.6241326
4,4.0306516
3,3.050159
2,2.8336582
1,2.5864093
0,1.861748
164,162.3433
163,163.17268
162,162.69316
161,155.22643
160,155.78401
159,154.28773
158,154.21468
157,154.63942
156,152.95923
155,164.52525
154,159.28941
153,159.35371
152,160.22247
151,167.57103
150,165.03938
149,166.56995
148,161.80457
147,179.1895
146,183.13669
145,178.21863
144,176.6731
143,174.79172
142,170.74431
141,163.37161
140,159.9473
139,154.22757
138,163.91408
137,167.36249
136,167.53886
135,171.98663
134,166.8199
133,155.18158
132,156.73923
131,155.60774
130,154.52263
129,153.11789
128,159.8535
127,156.2357
126,157.88924
125,148.1334
124,157.20021
123,148.09212
122,142.9336
121,137.47346
120,139.24448
119,121.975876
118,111.84191
117,119.05421
116,121.6485
115,117.08291
114,107.29989
113,105.750305
112,107.915344
111,107.9272
110,103.53876
109,106.085785
108,100.125305
107,100.15634
106,88.508644
105,91.630196
104,90.47113
103,88.93338
102,83.80995
101,81.83499
100,84.225784
99,90.11168
98,91.761116
97,99.283195
96,104.661705
95,95.338524
94,98.05544
93,95.53579
92,109.041245
91,100.812004
90,89.243195
89,95.164024
88,95.33758
87,91.65347
86,80.28486
85,89.75302
84,86.42504
83,89.08407
82,81.85834
81,83.13397
80,75.9488
79,80.38249
78,73.136185
77,70.44791
76,72.52464
75,68.964226
74,70.70336
73,70.48499
72,70.144554
71,56.451065
70,53.88394
69,54.639713
68,57.287083
67,55.87314
66,57.43956
65,56.931046
64,59.54195
63,55.89403
62,58.41274
61,55.422478
60,54.730453
59,56.18724
58,52.435646
57,62.003937
56,60.04358
55,54.815166
54,57.567944
53,60.335358
52,50.546806
51,44.08521
50,42.755642
49,44.205574
48,44.667305
47,44.466774
46,43.522415
45,45.2434
44,45.40249
43,42.940197
42,45.500572
41,44.317287
40,43.184433
39,40.92815
38,41.549633
37,34.3038
36,37.18285
35,37.30358
34,34.647438
33,34.16074
32,32.889816
31,33.614677
30,30.43523
29,29.714073
28,28.991125
27,30.273256
26,27.494963
25,28.48566
24,28.368532
23,27.747847
22,27.858568
21,25.564455
20,27.421368
19,24.506163
18,25.131248
17,21.420113
16,18.547527
15,16.7003
14,15.515574
13,15.383454
12,16.29809
11,15.777843
10,13.877594
9,14.178806
8,12.441225
7,14.846333
6,10.285077
5,7.591604
4,5.313084
3,4.714903
2,2.5880876
1,1.094996
0,1.2846355
154,181.65791
153,181.8872
152,182.49594
151,183.97945
150,184.36713
149,185.34416
148,187.10225
147,184.81267
146,186.86302
145,185.52533
144,186.95992
143,184.23859
142,185.55202
141,183.72078
140,181.22011
139,180.28967
138,181.00613
137,181.27386
136,167.76591
135,165.40202
134,169.88376
133,169.41524
132,171.86699
131,172.94327
130,169.66016
129,178.08586
128,184.20578
127,184.5496
126,187.00642
125,185.67386
124,180.33191
123,176.807
122,176.79414
121,170.08334
120,170.15158
119,173.04095
118,174.04558
117,163.62596
116,165.40233
115,163.68288
114,165.33832
113,165.07712
112,169.56145
111,169.6448
110,170.0738
109,167.2819
108,165.32692
107,168.47652
106,174.81497
105,170.08241
104,156.41689
103,156.96446
102,153.30356
101,148.6081
100,153.60257
99,153.80191
98,149.44579
97,145.11557
96,147.26474
95,146.85463
94,144.1388
93,137.1932
92,140.24683
91,143.5312
90,140.17693
89,140.95274
88,138.473
87,136.88403
86,135.82324
85,135.96405
84,136.59216
83,134.22969
82,131.07991
81,131.19809
80,134.01564
79,132.8415
78,129.23349
77,128.11421
76,129.33351
75,128.3577
74,125.55675
73,125.344864
72,126.61424
71,118.610825
70,117.467674
69,116.8344
68,115.77199
67,106.91719
66,104.06682
65,102.21434
64,105.38892
63,100.480675
62,96.75179
61,91.18643
60,89.83605
59,77.52719
58,77.62134
57,74.492165
56,98.470894
55,91.691864
54,91.97473
53,88.13975
52,94.74568
51,102.5859
50,106.26889
49,53.474308
48,69.77375
47,70.41172
46,63.740826
45,68.23397
44,53.25047
43,57.522884
42,65.28534
41,46.193657
40,53.702877
39,50.317333
38,61.062927
37,68.31005
36,70.90465
35,77.35448
34,61.336235
33,71.74714
32,68.89753
31,67.623695
30,56.838497
29,59.42706
28,50.59528
27,35.21734
26,46.71131
25,28.937075
24,20.431686
23,21.256899
22,25.961227
21,37.435337
20,36.589626
19,29.920362
18,28.69344
17,24.891878
16,17.270313
15,13.313304
14,12.585431
13,10.457921
12,9.756508
11,9.319279
10,5.912908
9,5.456189
8,4.7355824
7,4.4372244
6,3.0985105
5,5.172681
4,5.143014
3,4.249685
2,2.719895
1,1.6437817
0,0.98387706
252,151.2587
251,149.78506
250,161.6431
249,155.57742
248,159.08418
247,153.02635
246,149.613
245,147.32172
244,145.98834
243,144.91231
242,146.10347
241,135.82697
240,142.8753
239,141.42032
238,136.35245
237,133.84973
236,131.71562
235,146.20235
234,138.66718
233,142.3486
232,140.74132
231,139.3918
230,138.66634
229,129.97523
228,142.24414
227,141.9326
226,138.17722
225,132.20493
224,124.84436
223,126.40762
222,127.56893
221,126.179855
220,135.94298
219,123.874466
218,128.19115
217,123.793594
216,119.60343
215,117.74641
214,121.52465
213,117.95459
212,112.92499
211,124.13775
210,118.0697
209,117.322105
208,120.395004
207,124.10703
206,113.33704
205,107.97265
204,109.73354
203,101.231064
202,107.11796
201,104.6991
200,113.86774
199,117.09729
198,119.521866
197,131.83559
196,131.00053
195,130.6153
194,121.469795
193,119.03865
192,119.59363
191,118.12507
190,116.40674
189,116.57479
188,114.15581
187,112.53524
186,115.7247
185,98.44126
184,99.14385
183,101.53477
182,100.82053
181,101.51068
180,102.80038
179,103.593346
178,104.46311
177,110.38608
176,99.07278
175,97.72887
174,87.915146
173,101.36067
172,100.778046
171,100.507095
170,103.83451
169,99.250656
168,101.33628
167,98.97897
166,98.223724
165,100.88951
164,103.568985
163,100.55414
162,103.134445
161,94.323784
160,91.56757
159,92.067894
158,91.61167
157,98.01904
156,84.66635
155,80.94399
154,84.782166
153,96.46564
152,94.55544
151,94.016396
150,93.29929
149,93.111336
148,87.12544
147,82.39477
146,88.95528
145,82.966415
144,93.83186
143,89.7333
142,91.02226
141,93.106995
140,92.83212
139,88.22746
138,90.82936
137,92.81838
136,105.31935
135,103.48126
134,90.420906
133,95.392746
132,92.08271
131,106.459015
130,105.40331
129,97.60154
128,91.27675
127,94.35144
126,97.84634
125,96.37554
124,97.49232
123,95.71408
122,99.764534
121,101.21185
120,95.57417
119,98.69869
118,110.071045
117,106.89397
116,101.43637
115,113.24881
114,109.673225
113,109.78866
112,110.56492
111,101.431145
110,99.42133
109,98.91597
108,100.76764
107,107.69327
106,108.28843
105,103.62749
104,100.356766
103,96.71726
102,98.00788
101,94.43319
100,100.174934
99,106.54071
98,116.17315
97,109.87013
96,99.788864
95,102.868774
94,98.08193
93,95.03482
92,97.10429
91,91.98072
90,83.587944
89,76.2471
88,79.63735
87,70.91685
86,73.34272
85,71.7089
84,79.76159
83,81.96148
82,69.73972
81,70.99269
80,71.20249
79,72.479164
78,65.160515
77,64.206795
76,62.010826
75,62.78071
74,58.864883
73,49.45651
72,48.67587
71,48.098278
70,50.030617
69,48.988937
68,48.144756
67,48.752068
66,47.986732
65,48.343422
64,48.940002
63,45.355953
62,43.54821
61,44.16768
60,40.769188
59,44.82956
58,44.796627
57,40.625744
56,42.307602
55,42.692043
54,42.661144
53,42.203598
52,40.399208
51,39.37835
50,39.81678
49,33.91027
48,32.016796
47,37.729824
46,35.759407
45,33.6555
44,33.932182
43,35.476948
42,24.872044
41,26.62949
40,24.669527
39,26.120235
38,25.36641
37,25.537872
36,24.602234
35,24.058928
34,22.452717
33,21.844616
32,22.485636
31,22.716898
30,22.176498
29,21.113716
28,20.298813
27,14.120922
26,14.719545
25,12.997875
24,13.1856365
23,12.767081
22,11.4156275
21,9.755894
20,11.460256
19,10.415559
18,10.509841
17,10.749353
16,7.744169
15,7.0264673
14,6.712973
13,6.8951144
12,6.1127944
11,5.3113523
10,5.86627
9,6.754636
8,6.622863
7,5.0132046
6,5.6975274
5,3.9208012
4,3.1593335
3,3.4237509
2,2.7345119
1,1.9465394
0,3.37394
182,173.73732
181,178.76483
180,179.95107
179,170.68214
178,170.98169
177,176.67575
176,183.2723
175,185.10231
174,182.8588
173,181.26268
172,182.4311
171,180.4783
170,174.46393
169,180.69226
168,172.22974
167,168.69476
166,166.46553
165,169.1211
164,165.56992
163,167.61823
162,170.92177
161,169.89365
160,164.43668
159,153.85022
158,153.85158
157,155.33202
156,158.58759
155,147.15514
154,147.2144
153,148.01753
152,150.27466
151,145.09576
150,149.24118
149,150.949
148,149.00542
147,156.81427
146,156.41429
145,155.7429
144,155.38737
143,170.97208
142,167.65778
141,162.51152
140,166.92688
139,157.58963
138,165.72913
137,155.5694
136,160.81944
135,138.55498
134,137.72847
133,125.57912
132,120.128265
131,119.3984
130,134.64278
129,108.14664
128,106.86659
127,101.487274
126,100.401985
125,104.27231
124,107.11867
123,98.56375
122,100.60834
121,104.22894
120,91.34252
119,85.40185
118,95.91683
117,89.45808
116,83.73755
115,84.37402
114,84.1204
113,96.47629
112,96.21928
111,92.357254
110,96.24498
109,90.50405
108,89.13208
107,89.76595
106,84.62824
105,84.09988
104,69.76215
103,72.104095
102,77.50834
101,95.401726
100,80.94696
99,82.70284
98,80.13242
97,80.64946
96,77.80698
95,82.85997
94,81.692665
93,73.297516
92,74.524605
91,73.23468
90,68.28584
89,71.05309
88,74.74294
87,76.266426
86,73.39533
85,75.94147
84,76.50088
83,79.81593
82,77.746735
81,88.09291
80,85.53611
79,72.54882
78,76.373764
77,76.87089
76,83.472694
75,82.79797
74,86.615234
73,81.43311
72,77.32643
71,77.345856
70,77.68537
69,79.04218
68,81.36548
67,82.094246
66,89.27609
65,85.09816
64,82.92752
63,89.51942
62,90.44085
61,92.36301
60,89.9181
59,91.840866
58,77.08359
57,81.71121
56,75.39608
55,74.229454
54,72.329895
53,69.38724
52,73.55421
51,71.39921
50,71.73176
49,76.307495
48,65.735
47,68.378784
46,64.4163
45,74.59899
44,63.900383
43,55.799355
42,56.308075
41,62.653
40,59.987404
39,46.926933
38,42.342278
37,41.293385
36,40.699463
35,30.003897
34,24.874334
33,20.889023
32,24.28899
31,23.31463
30,31.529242
29,27.530777
28,29.77975
27,25.335634
26,25.343386
25,25.910667
24,22.392076
23,19.511477
22,20.613882
21,21.772486
20,24.390224
19,24.327688
18,25.057028
17,23.089031
16,18.642023
15,13.67748
14,13.991789
13,13.314375
12,12.620277
11,11.77596
10,10.7503395
9,14.289067
8,12.459615
7,11.391512
6,10.631579
5,2.6968806
4,3.5139282
3,1.7115374
2,1.6311958
1,0.52346545
0,0.1740066
198,139.3506
197,131.69554
196,128.66685
195,137.08432
194,134.23515
193,135.97264
192,137.55777
191,141.67358
190,138.80214
189,138.9824
188,139.00883
187,139.11186
186,139.99974
185,138.65169
184,136.44672
183,132.60071
182,137.74306
181,144.26668
180,138.0867
179,150.02412
178,146.73506
177,153.01112
176,146.41655
175,153.05553
174,150.63017
173,158.2751
172,155.56688
171,149.75172
170,142.15627
169,145.11198
168,140.16518
167,142.7524
166,132.29852
165,137.60883
164,137.09488
163,124.76266
162,124.67644
161,119.98343
160,115.79107
159,120.881065
158,117.47707
157,122.876625
156,122.17756
155,113.41717
154,110.19913
153,110.45332
152,106.74144
151,116.165306
150,108.96313
149,109.24454
148,106.298035
147,104.063034
146,103.66996
145,109.01107
144,107.05314
143,105.47226
142,100.022675
141,105.86229
140,107.224625
139,101.155556
138,103.12191
137,102.14111
136,103.49221
135,105.35096
134,104.89903
133,118.077995
132,113.12398
131,110.8517
130,108.15774
129,109.375145
128,102.585556
127,103.31631
126,100.67575
125,107.69226
124,103.891365
123,91.255226
122,99.145996
121,104.18789
120,108.66107
119,110.91611
118,105.08568
117,106.48872
116,109.60522
115,104.97252
114,104.3242
113,97.479195
112,96.47965
111,101.79801
110,98.18062
109,98.05359
108,104.05498
107,92.64234
106,83.77515
105,80.29862
104,89.1236
103,85.07026
102,93.8198
101,84.843925
100,79.03434
99,82.440346
98,77.47974
97,84.92003
96,89.63976
95,87.39915
94,90.233536
93,86.086525
92,88.76603
91,92.94057
90,76.776985
89,79.67977
88,78.00281
87,76.4478
86,84.091866
85,89.372894
84,94.05354
83,90.8286
82,85.00516
81,77.79051
80,82.47409
79,74.07043
78,66.38612
77,70.727875
76,62.410656
75,68.03722
74,70.622475
73,69.69091
72,73.55402
71,73.15602
70,75.14012
69,68.30229
68,69.16771
67,70.63942
66,65.9456
65,64.899185
64,61.472588
63,63.69093
62,64.900276
61,64.12355
60,60.697193
59,65.00059
58,67.68196
57,56.974564
56,52.472965
55,53.17033
54,57.65397
53,57.7599
52,52.90271
51,50.476948
50,49.268597
49,47.66384
48,41.318306
47,41.721645
46,28.18658
45,29.98878
44,35.859882
43,28.465408
42,27.508505
41,29.714052
40,27.927317
39,30.893656
38,28.179861
37,28.324766
36,26.568825
35,26.258415
34,26.425245
33,28.156326
32,29.454489
31,23.928865
30,23.42746
29,29.011015
28,26.27753
27,26.69215
26,26.685652
25,24.523735
24,17.637573
23,12.432648
22,13.859374
21,12.582843
20,10.920948
19,11.464015
18,11.8060875
17,11.413246
16,11.172686
15,12.764632
14,10.599036
13,8.354902
12,7.4192376
11,6.7081695
10,4.9158134
9,4.6513433
8,2.8950682
7,4.0933795
6,3.2832096
5,3.4387145
4,5.107292
3,5.739797
2,6.345358
1,4.585617
0,4.505228
262,191.6261
261,190.47911
260,190.88747
259,191.72217
258,193.68437
257,192.57263
256,183.9761
255,192.76695
254,187.2843
253,186.58603
252,179.50941
251,178.787
250,179.06099
249,179.23413
248,172.486
247,176.73006
246,175.91365
245,176.15025
244,179.12741
243,177.32877
242,175.65396
241,171.82466
240,176.02507
239,173.1014
238,170.53287
237,167.3244
236,167.61191
235,167.71169
234,162.30183
233,161.96777
232,156.52032
231,157.5508
230,155.12009
229,156.5349
228,156.49057
227,155.28621
226,154.32405
225,153.41786
224,155.7808
223,158.81166
222,157.73665
221,160.38329
220,160.74417
219,160.08482
218,158.29976
217,155.36623
216,154.70743
215,154.46796
214,153.67776
213,153.88985
212,146.65544
211,159.21599
210,151.86317
209,155.66656
208,142.00607
207,143.07314
206,144.62599
205,143.25954
204,142.35416
203,143.76024
202,143.58578
201,145.92944
200,145.72386
199,145.84601
198,144.6858
197,146.43219
196,147.98346
195,144.24203
194,151.28435
193,150.76305
192,151.71783
191,153.4935
190,152.54616
189,151.09402
188,147.56328
187,148.23314
186,151.23055
185,148.0048
184,150.29242
183,151.38441
182,151.73624
181,150.80518
180,147.31458
179,146.15254
178,149.72945
177,150.96724
176,135.70045
175,130.05223
174,134.88657
173,134.59868
172,137.08809
171,137.33006
170,132.59427
169,134.35667
168,130.85498
167,131.75735
166,126.9644
165,130.55676
164,126.377014
163,129.20554
162,129.58334
161,122.19562
160,123.1871
159,122.01452
158,124.27188
157,116.75727
156,117.92806
155,116.675
154,114.946754
153,115.885895
152,114.94179
151,114.44896
150,115.5305
149,120.06911
148,116.09581
147,113.940674
146,107.15917
145,115.04859
144,116.729774
143,108.67461
142,107.34171
141,109.39907
140,108.60092
139,110.83167
138,114.95855
137,112.61167
136,110.60128
135,109.748695
134,112.91891
133,112.100426
132,111.738625
131,108.61567
130,111.51736
129,103.095924
128,109.89292
127,116.540695
126,112.668495
125,110.82071
124,112.231285
123,113.359604
122,115.21792
121,114.49972
120,115.21072
119,110.95075
118,102.46071
117,102.213
116,113.75243
115,117.52608
114,121.58007
113,120.85006
112,120.620926
111,124.292496
110,146.81917
109,145.0619
108,141.41322
107,143.96857
106,136.9947
105,142.94722
104,137.32214
103,142.77744
102,150.33246
101,146.74324
100,154.86847
99,142.12997
98,142.65384
97,148.15321
96,143.87518
95,145.79832
94,153.51268
93,137.53896
92,151.47333
91,149.64328
90,152.33093
89,135.68529
88,138.53256
87,119.58705
86,119.38264
85,111.052
84,123.56457
83,127.595955
82,97.568756
81,98.712715
80,93.38836
79,92.823814
78,99.385185
77,102.177505
76,99.88864
75,96.93877
74,94.87279
73,97.47633
72,98.21733
71,98.061325
70,100.89455
69,92.72311
68,94.33204
67,95.50594
66,95.724144
65,100.70143
64,96.88886
63,96.32294
62,84.58004
61,76.81136
60,75.29327
59,82.1422
58,77.4354
57,80.57361
56,86.06236
55,83.024666
54,83.13002
53,91.88762
52,70.29755
51,75.431145
50,68.2418
49,71.23276
48,71.72505
47,67.57171
46,79.21652
45,84.77289
44,73.74598
43,70.18603
42,70.76199
41,66.11114
40,56.53354
39,60.749153
38,56.69313
37,57.5681
36,57.033615
35,54.473747
34,56.261654
33,57.251877
32,49.976665
31,47.59509
30,37.05975
29,36.1361
28,38.811855
27,39.99892
26,49.18955
25,42.226654
24,42.731045
23,27.474642
22,28.388643
21,26.784466
20,26.3271
19,26.262154
18,14.856273
17,12.648862
16,13.765602
15,15.913759
14,11.7482
13,10.232223
12,11.497227
11,10.00353
10,13.077754
9,9.543386
8,7.9029756
7,7.5811667
6,6.5052333
5,4.300866
4,4.298121
3,4.261087
2,2.8470612
1,2.874289
0,2.6943808
157,148.51363
156,154.85704
155,149.69029
154,149.91472
153,142.07281
152,140.90175
151,140.41873
150,144.17426
149,140.97295
148,146.18396
147,146.54066
146,148.91089
145,145.94838
144,147.05193
143,142.43767
142,145.74295
141,136.6067
140,127.06407
139,119.36657
138,122.59478
137,117.76347
136,122.03902
135,118.69758
134,112.950615
133,119.21705
132,113.55889
131,118.87897
130,118.69538
129,124.0816
128,123.81672
127,122.67129
126,121.22263
125,115.69474
124,122.60925
123,128.12064
122,120.501915
121,121.7114
120,125.35542
119,128.77069
118,121.86748
117,124.11239
116,125.13507
115,115.72625
114,117.66166
113,119.59498
112,120.09762
111,113.75952
110,117.561005
109,120.069725
108,118.2078
107,117.92657
106,119.118576
105,119.55508
104,120.90076
103,121.870865
102,119.840996
101,116.39532
100,114.88497
99,119.56882
98,116.385826
97,121.762215
96,119.01636
95,128.5929
94,129.03256
93,121.983826
92,127.91362
91,114.48782
90,101.34251
89,106.375534
88,99.26815
87,99.8581
86,98.8585
85,101.91694
84,92.62379
83,104.561104
82,101.97641
81,106.63671
80,103.38442
79,92.120865
78,92.080986
77,104.74237
76,111.271484
75,107.67272
74,109.86123
73,108.85087
72,109.960106
71,115.4941
70,101.67076
69,114.09075
68,113.16807
67,109.75227
66,108.2686
65,105.40568
64,105.12981
63,104.76317
62,108.14985
61,108.93171
60,105.37208
59,101.18575
58,99.327576
57,95.047935
56,95.54782
55,91.027336
54,89.02621
53,77.7872
52,79.722755
51,79.29595
50,79.92433
49,79.110855
48,85.57913
47,72.72015
46,75.23509
45,79.627815
44,76.87606
43,78.602615
42,81.46657
41,83.279816
40,82.437744
39,68.68597
38,69.32944
37,69.79868
36,69.07463
35,63.726166
34,57.767555
33,63.494366
32,61.9644
31,63.011917
30,52.561443
29,49.4577
28,45.725403
27,43.696815
26,32.177105
25,31.548323
24,27.819206
23,27.23991
22,25.19158
21,23.845531
20,22.043304
19,21.592653
18,25.22522
17,22.755154
16,23.948694
15,20.301022
14,20.206066
13,18.184992
12,12.018634
11,11.570707
10,13.531832
9,8.043624
8,7.5172496
7,9.865746
6,12.030341
5,9.836832
4,9.764707
3,7.8919067
2,7.8868437
1,8.041691
0,4.0723658
147,164.7923
146,165.52429
145,166.61748
144,167.35579
143,169.70319
142,155.09442
141,146.4497
140,148.2919
139,141.71855
138,141.83578
137,141.85039
136,143.31224
135,147.67445
134,149.76964
133,138.18
132,139.14255
131,161.25826
130,159.0253
129,155.10854
128,148.77089
127,155.06477
126,151.62555
125,151.31657
124,153.06168
123,150.63751
122,146.75392
121,150.33871
120,140.41318
119,148.50874
118,146.21698
117,143.7334
116,139.07852
115,134.71053
114,133.97069
113,129.3652
112,122.282394
111,118.334045
110,112.16488
109,114.539635
108,112.093414
107,111.463486
106,116.724915
105,110.04224
104,104.33365
103,108.784195
102,109.438065
101,108.800285
100,116.91682
99,118.09251
98,124.84908
97,117.215515
96,117.15856
95,117.49263
94,113.46557
93,113.20284
92,103.53792
91,109.39544
90,112.39545
89,111.17539
88,112.14175
87,112.508804
86,111.85171
85,108.02298
84,109.97986
83,92.09263
82,92.27246
81,91.63512
80,97.56816
79,94.444435
78,91.75655
77,84.72133
76,84.974884
75,92.52979
74,95.94546
73,99.58018
72,101.48335
71,96.410286
70,91.24663
69,84.89505
68,84.64144
67,76.55504
66,70.345
65,66.633484
64,59.19132
63,65.9839
62,67.49371
61,69.60928
60,72.454384
59,65.491646
58,62.086952
57,63.583496
56,60.81874
55,63.00216
54,66.65239
53,63.803238
52,68.60871
51,64.32017
50,66.84525
49,63.006905
48,48.798416
47,48.063
46,46.457336
45,50.73619
44,46.493904
43,44.716995
42,45.50147
41,44.67409
40,47.6114
39,44.443027
38,45.12092
37,51.93701
36,46.63012
35,51.314804
34,53.69517
33,48.714382
32,54.05966
31,51.62759
30,45.646984
29,50.090515
28,41.455708
27,39.520878
26,42.575855
25,35.785835
24,37.764683
23,34.50902
22,36.480675
21,34.88978
20,35.282684
19,25.644398
18,23.027306
17,15.298122
16,13.028417
15,9.870967
14,8.148318
13,8.488656
12,7.7867064
11,8.393516
10,7.3688354
9,7.147596
8,8.101983
7,7.9887133
6,7.955915
5,5.828504
4,5.9851475
3,5.437609
2,3.5552819
1,2.4102218
0,1.4845424
182,200.4354
181,176.96913
180,176.98471
179,177.64569
178,170.59778
177,170.50124
176,168.90465
175,175.33653
174,171.59264
173,164.00233
172,185.34834
171,180.12842
170,179.38179
169,179.70518
168,173.12524
167,169.70738
166,175.45668
165,177.25642
164,181.96388
163,179.03706
162,182.83165
161,176.16841
160,176.79184
159,172.49706
158,177.56393
157,175.33081
156,177.36414
155,155.45758
154,157.61267
153,159.5702
152,143.41838
151,144.02065
150,137.6486
149,140.69669
148,138.6665
147,147.05997
146,146.28392
145,150.93443
144,145.26424
143,146.48248
142,139.23149
141,138.82158
140,142.45982
139,141.59293
138,127.5263
137,126.42437
136,125.23704
135,124.74805
134,121.659294
133,117.64448
132,131.33948
131,130.7249
130,130.22319
129,133.16318
128,129.85239
127,131.61223
126,126.76765
125,118.90098
124,121.18487
123,120.47875
122,116.2291
121,112.39685
120,112.75397
119,110.045006
118,107.71543
117,103.42016
116,106.024315
115,103.83573
114,101.32608
113,96.360054
112,102.66729
111,100.68445
110,100.98008
109,107.09469
108,97.43177
107,111.57824
106,113.34065
105,115.78945
104,100.22024
103,96.44062
102,94.42313
101,93.45407
100,89.39656
99,85.00494
98,95.67908
97,101.29804
96,102.74745
95,97.75444
94,81.910576
93,79.79693
92,80.74996
91,74.269684
90,61.998833
89,61.72421
88,64.72452
87,69.96178
86,71.458084
85,70.41045
84,56.95559
83,59.106808
82,64.01477
81,51.83409
80,55.566425
79,57.683765
78,64.749275
77,64.99867
76,60.381977
75,57.64816
74,51.688988
73,60.38108
72,54.575176
71,57.9445
70,54.94171
69,57.01297
68,56.840134
67,50.144104
66,50.820744
65,49.410645
64,50.243893
63,54.23541
62,49.497147
61,46.44502
60,47.002186
59,44.828114
58,48.065422
57,47.245594
56,45.449978
55,46.572784
54,48.143486
53,46.97123
52,48.81679
51,48.494984
50,50.432705
49,43.45543
48,44.20116
47,45.543167
46,44.643406
45,44.655827
44,45.943893
43,46.111744
42,42.567074
41,40.265144
40,39.782146
39,41.396553
38,41.549225
37,42.560467
36,39.822517
35,40.37713
34,37.624126
33,33.96664
32,34.08041
31,32.767002
30,30.175346
29,29.151525
28,31.557535
27,35.116745
26,29.333397
25,25.723993
24,24.742628
23,23.108406
22,23.610746
21,20.267427
20,21.852327
19,20.853127
18,19.668123
17,18.803694
16,17.908888
15,20.221315
14,18.237381
13,17.072847
12,18.149137
11,17.527155
10,17.626047
9,9.345907
8,8.471261
7,9.233746
6,4.05512
5,4.3300333
4,2.5226817
3,2.748803
2,2.825935
1,2.243179
0,1.0346231
310,157.02396
309,164.30453
308,149.18402
307,153.43854
306,149.49525
305,144.70416
304,145.73628
303,141.74901
302,145.4841
301,144.27708
300,143.31427
299,140.32776
298,154.59521
297,157.16975
296,141.09659
295,140.25893
294,139.2107
293,140.2246
292,143.32396
291,140.56256
290,153.13008
289,135.96379
288,140.64189
287,131.95499
286,137.49265
285,134.00417
284,143.74835
283,142.08698
282,134.90462
281,130.80978
280,126.23623
279,133.57753
278,133.40141
277,137.0338
276,139.31519
275,139.38136
274,134.60489
273,132.20584
272,125.73888
271,126.09116
270,124.14414
269,123.26867
268,124.38762
267,131.93411
266,134.49661
265,130.73567
264,128.66957
263,128.49472
262,125.16786
261,120.870094
260,120.718956
259,121.23247
258,113.13883
257,122.61343
256,119.510605
255,120.8645
254,122.36947
253,116.00027
252,118.622574
251,122.30667
250,125.51305
249,119.35655
248,115.32171
247,127.01523
246,126.92141
245,128.0446
244,106.78138
243,101.95417
242,88.52385
241,89.925735
240,100.6574
239,109.20308
238,107.16154
237,102.30492
236,102.3006
235,100.22294
234,107.7616
233,108.19003
232,121.09498
231,121.366165
230,122.94754
229,119.974785
228,114.66212
227,117.94542
226,121.881516
225,120.76053
224,118.53095
223,116.28082
222,111.007774
221,116.76819
220,122.11365
219,121.40232
218,124.56886
217,122.25164
216,124.14305
215,128.74979
214,125.544464
213,125.9387
212,125.091606
211,128.47063
210,143.29228
209,136.4451
208,138.4463
207,126.92481
206,127.980125
205,132.4361
204,126.2347
203,130.05093
202,130.16116
201,132.60875
200,143.41478
199,144.56837
198,135.745
197,140.6886
196,137.71507
195,135.71082
194,135.36256
193,129.19025
192,130.96666
191,132.88744
190,132.04753
189,136.61632
188,141.10115
187,144.15257
186,145.26364
185,139.42477
184,138.6821
183,133.83975
182,135.38037
181,131.00665
180,138.56435
179,144.02846
178,142.23119
177,165.77357
176,148.70052
175,148.71642
174,147.21611
173,145.0126
172,151.09787
171,145.94774
170,149.29675
169,143.92575
168,150.77144
167,148.40428
166,153.13025
165,162.70952
164,154.06978
163,156.42125
162,149.62244
161,141.55458
160,132.39474
159,140.613
158,142.4073
157,139.80077
156,105.69023
155,109.93229
154,108.182526
153,111.91661
152,117.20766
151,114.61639
150,112.59115
149,113.56114
148,101.3317
147,105.943726
146,100.03382
145,114.318146
144,105.206436
143,99.54305
142,101.834305
141,97.2146
140,108.27319
139,107.00297
138,108.921936
137,108.816795
136,116.76616
135,104.407616
134,102.96408
133,105.239456
132,105.06357
131,107.2877
130,114.67858
129,116.96914
128,120.08817
127,117.80693
126,113.896065
125,103.01157
124,117.84723
123,112.12622
122,103.6801
121,101.760864
120,100.120346
119,106.784904
118,94.31581
117,94.672424
116,91.44977
115,92.323555
114,90.43852
113,90.71301
112,92.07548
111,83.790054
110,91.05117
109,89.53986
108,85.9679
107,78.626884
106,74.630974
105,71.66464
104,71.71517
103,65.6124
102,64.39368
101,64.86014
100,64.078835
99,61.08253
98,57.94926
97,56.146404
96,56.446068
95,54.88409
94,52.634953
93,50.4327
92,53.23574
91,51.859726
90,58.312965
89,55.98807
88,56.235023
87,53.306465
86,57.834465
85,54.151585
84,52.33586
83,47.574677
82,47.368786
81,42.654488
80,41.031387
79,40.185913
78,39.283222
77,38.547688
76,41.135017
75,44.130066
74,42.57108
73,38.387474
72,39.72066
71,45.249146
70,42.29014
69,39.077618
68,41.5612
67,43.126472
66,45.064247
65,44.22589
64,41.37562
63,41.302135
62,40.064365
61,41.553738
60,42.2172
59,44.91138
58,45.543995
57,44.418343
56,45.535328
55,42.60509
54,42.843067
53,42.814743
52,39.56736
51,41.17281
50,38.10397
49,39.240803
48,40.583305
47,41.053513
46,42.867203
45,41.311462
44,41.910255
43,42.6908
42,41.630444
41,39.727932
40,38.208275
39,39.736935
38,38.408684
37,32.57449
36,31.786242
35,30.519444
34,28.992107
33,28.259645
32,27.562666
31,26.595146
30,27.377645
29,23.50913
28,23.946291
27,23.507761
26,23.061304
25,24.912655
24,16.962646
23,15.520386
22,16.167927
21,17.876808
20,15.416255
19,14.20352
18,13.956045
17,15.04286
16,14.20434
15,16.238422
14,17.284666
13,16.811728
12,11.520944
11,10.664534
10,12.426895
9,11.329418
8,11.517275
7,9.594432
6,9.906002
5,8.983422
4,7.760612
3,7.2679186
2,6.5605326
1,4.4195266
0,3.643732
124,170.88806
123,167.82697
122,162.64572
121,167.71141
120,167.18675
119,155.2775
118,157.36334
117,160.96965
116,155.59624
115,152.05946
114,153.78596
113,151.80557
112,149.61348
111,144.4126
110,142.7244
109,149.07181
108,152.68597
107,155.33026
106,151.17139
105,140.31587
104,146.26913
103,141.20456
102,142.48506
101,144.64406
100,142.27043
99,136.41298
98,138.70863
97,140.45905
96,148.02745
95,148.92844
94,147.10687
93,147.92651
92,149.2312
91,144.35336
90,153.50554
89,147.81454
88,141.03625
87,143.30072
86,144.19496
85,128.0934
84,128.6352
83,128.35901
82,128.93674
81,132.00298
80,131.02266
79,130.50793
78,122.51255
77,109.727234
76,121.72189
75,123.66378
74,126.61558
73,129.06004
72,132.54805
71,132.26118
70,128.83904
69,123.15143
68,127.54054
67,133.863
66,135.55495
65,135.91168
64,133.6668
63,138.86449
62,111.089195
61,109.76695
60,111.248856
59,112.58134
58,103.8548
57,100.138115
56,110.49363
55,115.17397
54,119.58263
53,128.37807
52,117.61674
51,126.42346
50,107.218895
49,108.51467
48,109.379036
47,115.33055
46,106.92675
45,107.76355
44,103.69318
43,102.12628
42,100.14671
41,101.850784
40,88.979
39,84.80302
38,71.56927
37,73.73943
36,69.87796
35,70.46138
34,68.312485
33,56.51659
32,58.119164
31,55.88156
30,44.80948
29,34.189102
28,35.828945
27,50.26551
26,51.70737
25,54.495125
24,48.146774
23,49.240032
22,46.692574
21,47.228146
20,51.15042
19,45.753086
18,34.263412
17,25.982164
16,22.135807
15,21.150595
14,20.31867
13,18.867863
12,15.851221
11,15.156796
10,10.553548
9,7.570459
8,9.653867
7,8.676742
6,6.5220127
5,5.5455246
4,4.695197
3,2.9088576
2,2.5666592
1,2.3997664
0,1.1355143
